Date,Total Cases,Total Death
23 Jan 23,4885426,18508
22 Jan 23,4882683,18470
21 Jan 23,4879169,18441
20 Jan 23,4875374,18399
19 Jan 23,4871355,18352
18 Jan 23,4867556,18295
17 Jan 23,4863690,18242
16 Jan 23,4859037,18192
15 Jan 23,4852776,18126
14 Jan 23,4845027,18072
13 Jan 23,4836633,17978
12 Jan 23,4827425,17904
11 Jan 23,4818146,17837
10 Jan 23,4808767,17762
09 Jan 23,4782878,17690
08 Jan 23,4761584,17616
07 Jan 23,4734961,17532
06 Jan 23,4705589,17470
05 Jan 23,4613307,17336
04 Jan 23,4596884,17273
03 Jan 23,4580698,17198
02 Jan 23,4560468,17124
01 Jan 23,4537107,17062
31 Dec 22,4507900,17010
30 Dec 22,4480070,16938
29 Dec 22,4455175,16876
28 Dec 22,4434310,16817
27 Dec 22,4415684,16764
26 Dec 22,4396286,16717
25 Dec 22,4375031,16667
24 Dec 22,4353669,16628
23 Dec 22,4333417,16589
22 Dec 22,4313712,16589
21 Dec 22,4290815,16506
20 Dec 22,4275828,16506
19 Dec 22,4239595,16416
18 Dec 22,4221819,16390
17 Dec 22,4215617,16348
16 Dec 22,4199891,16316
15 Dec 22,4182811,16297
14 Dec 22,4167941,16262
13 Dec 22,4146984,16225
12 Dec 22,4123336,16200
11 Dec 22,4097741,16176
10 Dec 22,4070575,16155
09 Dec 22,4039789,16132
08 Dec 22,4004311,16105
07 Dec 22,3967054,16083
06 Dec 22,3931982,16067
05 Dec 22,3892221,16047
04 Dec 22,3851748,16031
03 Dec 22,3837220,16012
02 Dec 22,3764783,16001
01 Dec 22,3719252,15986
30 Nov 22,3705990,15970
29 Nov 22,3627131,15957
28 Nov 22,3580291,15930
27 Nov 22,3533755,15910
26 Nov 22,3490482,15901
25 Nov 22,3449676,15885
24 Nov 22,3437108,15872
23 Nov 22,3373507,15860
22 Nov 22,3364415,15847
21 Nov 22,3329533,15834
20 Nov 22,3295792,15819
19 Nov 22,3242270,15809
18 Nov 22,3210359,15801
17 Nov 22,3200035,15789
16 Nov 22,3153405,15781
15 Nov 22,3129859,16091
14 Nov 22,3108324,16081
13 Nov 22,3100114,16072
12 Nov 22,3070130,16066
11 Nov 22,3053673,16056
10 Nov 22,3046538,16047
09 Nov 22,3026615,16034
08 Nov 22,3013968,15707
07 Nov 22,3002843,15702
06 Nov 22,2997306,15689
05 Nov 22,2984649,15671
04 Nov 22,2976228,15660
03 Nov 22,2967572,15650
02 Nov 22,2959481,15642
01 Nov 22,2952291,15629
31 Oct 22,2944653,15617
30 Oct 22,2937389,15605
29 Oct 22,2930381,15597
28 Oct 22,2923470,15590
27 Oct 22,2916167,15582
26 Oct 22,2909352,15575
25 Oct 22,2902917,15565
24 Oct 22,2896422,15558
23 Oct 22,2889897,15554
22 Oct 22,2882971,15547
21 Oct 22,2876602,15538
20 Oct 22,2870228,15529
19 Oct 22,2864168,15517
18 Oct 22,2858293,15510
17 Oct 22,2852031,15505
16 Oct 22,2845461,15500
15 Oct 22,2838844,15493
14 Oct 22,2832279,15486
13 Oct 22,2825166,15478
12 Oct 22,2820009,15469
11 Oct 22,2811879,15460
10 Oct 22,2804912,15450
09 Oct 22,2799588,15447
08 Oct 22,2791596,15434
07 Oct 22,2785437,15432
06 Oct 22,2779780,15426
05 Oct 22,2775058,15416
04 Oct 22,2770859,15408
03 Oct 22,2766475,15405
02 Oct 22,2762150,15399
01 Oct 22,2757442,15393
30 Sep 22,2752556,15385
29 Sep 22,2747530,15380
28 Sep 22,2742421,15366
27 Sep 22,2737936,15360
26 Sep 22,2733103,15348
25 Sep 22,2728374,15338
24 Sep 22,2722353,15331
23 Sep 22,2716077,15166
22 Sep 22,2709291,15149
21 Sep 22,2702866,15140
20 Sep 22,2696527,15133
19 Sep 22,2689291,15123
18 Sep 22,2680816,15100
17 Sep 22,2671881,15084
16 Sep 22,2661940,15068
15 Sep 22,2652714,15062
14 Sep 22,2644191,15052
13 Sep 22,2635990,15042
12 Sep 22,2626983,15031
11 Sep 22,2616674,15020
10 Sep 22,2605616,15012
09 Sep 22,2594190,15001
08 Sep 22,2581660,14989
07 Sep 22,2569910,14973
06 Sep 22,2558905,14964
05 Sep 22,2547297,14956
04 Sep 22,2533531,14948
03 Sep 22,2522721,14941
02 Sep 22,2510703,14933
01 Sep 22,2498088,14922
31 Aug 22,2486863,14913
30 Aug 22,2476316,14900
29 Aug 22,2466054,14896
28 Aug 22,2452580,14886
27 Aug 22,2443816,14882
26 Aug 22,2435598,14875
25 Aug 22,2425558,14866
24 Aug 22,2416140,14852
23 Aug 22,2407635,14842
22 Aug 22,2397571,14837
21 Aug 22,2390686,14834
20 Aug 22,2382169,14829
19 Aug 22,2372972,14821
18 Aug 22,2363469,14816
17 Aug 22,2354676,14812
16 Aug 22,2345333,14801
15 Aug 22,2339195,14797
14 Aug 22,2330459,14794
13 Aug 22,2322331,14791
12 Aug 22,2316346,14787
11 Aug 22,2311307,14786
10 Aug 22,2304661,14782
09 Aug 22,2300466,14779
08 Aug 22,2295769,14772
07 Aug 22,2290634,14767
06 Aug 22,2285355,14763
05 Aug 22,2280418,14759
04 Aug 22,2274979,14756
03 Aug 22,2270011,14752
02 Aug 22,2265424,14741
01 Aug 22,2260777,14735
31 Jul 22,2255689,14734
30 Jul 22,2250565,14730
29 Jul 22,2245156,14725
28 Jul 22,2240160,14720
27 Jul 22,2234541,14710
26 Jul 22,2229362,14704
25 Jul 22,2224482,14701
24 Jul 22,2219264,14693
23 Jul 22,2214254,14686
22 Jul 22,2209013,14680
21 Jul 22,2203789,14676
20 Jul 22,2198945,14675
19 Jul 22,2195056,14671
18 Jul 22,2190992,14668
17 Jul 22,2186813,14664
16 Jul 22,2182488,14663
15 Jul 22,2178366,14658
14 Jul 22,2174317,14651
13 Jul 22,2170811,14649
12 Jul 22,2167619,14647
11 Jul 22,2164305,14640
10 Jul 22,2160884,14638
09 Jul 22,2157433,14638
08 Jul 22,2153986,14635
07 Jul 22,2150503,14634
06 Jul 22,2147330,14633
05 Jul 22,2144566,14633
04 Jul 22,2142216,14633
03 Jul 22,2139919,14631
02 Jul 22,2137169,14628
01 Jul 22,2134718,14627
30 Jun 22,2132190,14625
29 Jun 22,2130033,14625
28 Jun 22,2128225,14624
27 Jun 22,2126233,14624
26 Jun 22,2124209,14624
25 Jun 22,2122283,14624
24 Jun 22,2120269,14624
23 Jun 22,2118491,14623
22 Jun 22,2116897,14622
21 Jun 22,2115561,14622
20 Jun 22,2114127,14621
19 Jun 22,2112692,14619
18 Jun 22,2111214,14619
17 Jun 22,2109935,14618
16 Jun 22,2108598,14618
15 Jun 22,2107342,14617
14 Jun 22,2106288,14616
13 Jun 22,2105331,14616
12 Jun 22,2104341,14616
11 Jun 22,2103227,14616
10 Jun 22,2102379,14616
09 Jun 22,2101560,14615
08 Jun 22,2101049,14615
07 Jun 22,2100607,14612
06 Jun 22,2099865,14612
05 Jun 22,2099041,14608
04 Jun 22,2098595,14608
03 Jun 22,2097925,14606
02 Jun 22,2097282,14605
01 Jun 22,2096684,14604
31 May 22,2096200,14604
30 May 22,2095730,14602
29 May 22,2095275,14602
28 May 22,2094679,14601
27 May 22,2094030,14600
26 May 22,2093676,14597
25 May 22,2405582,14594
24 May 22,2401316,14594
23 May 22,2396751,14593
22 May 22,2391967,14592
21 May 22,2382097,14589
20 May 22,2381653,14584
19 May 22,2376208,14583
18 May 22,2370542,14578
17 May 22,2364674,14575
16 May 22,2358657,14574
15 May 22,2352227,14569
14 May 22,2345499,14565
13 May 22,2338157,14561
12 May 22,2330401,14558
11 May 22,2322540,14550
10 May 22,2314048,14538
09 May 22,2304960,14531
08 May 22,2295239,14518
07 May 22,2284843,14510
06 May 22,2272841,14486
05 May 22,2259581,14469
04 May 22,2244537,14453
03 May 22,2227785,14430
02 May 22,2207511,14405
01 May 22,2156704,14368
30 Apr 22,2154960,14273
29 Apr 22,2125741,14210
28 Apr 22,2099294,14158
27 Apr 22,2071583,14102
26 Apr 22,2041627,14043
25 Apr 22,2010186,13974
24 Apr 22,1979195,13922
23 Apr 22,1946354,13901
22 Apr 22,1927327,13875
21 Apr 22,1892953,13841
20 Apr 22,1862513,13833
19 Apr 22,1829198,13807
18 Apr 22,1797182,13777
17 Apr 22,1767045,13748
16 Apr 22,1762722,13707
15 Apr 22,1708431,13640
14 Apr 22,1681437,13586
13 Apr 22,1655477,13524
12 Apr 22,1630880,13465
11 Apr 22,1605905,13408
10 Apr 22,1577996,13343
09 Apr 22,1550870,13281
08 Apr 22,1523618,13195
07 Apr 22,1495380,13098
06 Apr 22,1466859,12987
05 Apr 22,1446956,12900
04 Apr 22,1430893,12810
03 Apr 22,1414142,12699
02 Apr 22,1400358,12583
01 Apr 22,1385495,12463
31 Mar 22,1371807,12344
30 Mar 22,1355883,12209
29 Mar 22,1346658,12058
28 Mar 22,1331994,11890
27 Mar 22,1317780,11739
26 Mar 22,1303376,11600
25 Mar 22,1285737,11408
24 Mar 22,1267825,11207
23 Mar 22,1213223,11002
22 Mar 22,1194502,10757
21 Mar 22,1178456,10534
20 Mar 22,1163822,10288
19 Mar 22,1143612,10037
18 Mar 22,1121344,9772
17 Mar 22,1099067,9483
16 Mar 22,1066837,9204
15 Mar 22,1035685,8915
14 Mar 22,1007357,8629
13 Mar 22,972785,8365
12 Mar 22,944664,8080
11 Mar 22,688645,7786
10 Mar 22,663465,7505
09 Mar 22,637181,7214
08 Mar 22,608369,6923
07 Mar 22,582894,6643
06 Mar 22,551559,6410
05 Mar 22,513701,6190
04 Mar 22,460897,6002
03 Mar 22,403776,5804
02 Mar 22,348208,5626
01 Mar 22,315387,5380
27 Feb 22,248127,5213
26 Feb 22,202989,5133
25 Feb 22,192730,5061
24 Feb 22,183708,5021
23 Feb 22,174848,4972
22 Feb 22,168431,4936
21 Feb 22,160760,4924
20 Feb 22,154549,4930
19 Feb 22,148291,4895
18 Feb 22,144525,4874
17 Feb 22,138322,4863
16 Feb 22,133945,4860
15 Feb 22,132224,4857
14 Feb 22,130073,4855
13 Feb 22,128642,4855
12 Feb 22,127061,4852
11 Feb 22,125637,4852
10 Feb 22,124550,4851
09 Feb 22,123361,4849
08 Feb 22,122625,4849
07 Feb 22,121906,4849
06 Feb 22,121485,4849
05 Feb 22,121091,4849
04 Feb 22,120933,4849
03 Feb 22,120762,4849
02 Feb 22,120607,4849
01 Feb 22,120415,4849
31 Jan 22,120257,4849
30 Jan 22,120118,4849
29 Jan 22,119918,4849
28 Jan 22,119744,4849
27 Jan 22,119516,4849
26 Jan 22,119347,4849
25 Jan 22,119179,4849
24 Jan 22,119025,4849
23 Jan 22,118830,4849
22 Jan 22,118746,4849
21 Jan 22,118659,4849
20 Jan 22,118572,4849
19 Jan 22,118490,4849
18 Jan 22,118385,4849
17 Jan 22,118207,4849
16 Jan 22,117973,4849
15 Jan 22,117849,4849
14 Jan 22,117675,4849
13 Jan 22,117460,4849
12 Jan 22,117248,4849
11 Jan 22,117006,4849
10 Jan 22,116790,4849
09 Jan 22,116600,4849
08 Jan 22,116398,4849
07 Jan 22,116206,4849
06 Jan 22,115999,4849
05 Jan 22,115772,4849
04 Jan 22,115642,4849
03 Jan 22,115438,4849
02 Jan 22,115251,4849
01 Jan 22,115042,4849
31 Dec 21,114794,4849
30 Dec 21,114586,4849
29 Dec 21,114365,4849
28 Dec 21,114162,4849
27 Dec 21,113791,4849
26 Dec 21,113574,4849
25 Dec 21,113503,4849
24 Dec 21,113358,4849
23 Dec 21,113269,4849
22 Dec 21,113163,4849
21 Dec 21,113077,4849
20 Dec 21,112989,4849
19 Dec 21,112879,4849
18 Dec 21,112791,4849
17 Dec 21,112659,4849
16 Dec 21,112573,4849
15 Dec 21,112497,4849
14 Dec 21,112423,4849
13 Dec 21,112345,4849
12 Dec 21,112239,4849
11 Dec 21,112163,4849
10 Dec 21,112072,4849
09 Dec 21,112002,4849
08 Dec 21,111919,4849
07 Dec 21,111840,4849
06 Dec 21,111741,4849
05 Dec 21,111671,4849
04 Dec 21,111608,4849
03 Dec 21,111515,4849
02 Dec 21,111413,4849
01 Dec 21,111337,4849
30 Nov 21,111218,4849
29 Nov 21,111176,4849
28 Nov 21,111132,4849
27 Nov 21,111106,4849
26 Nov 21,111077,4849
25 Nov 21,111058,4849
24 Nov 21,111033,4849
23 Nov 21,111005,4849
22 Nov 21,110983,4849
21 Nov 21,110943,4849
20 Nov 21,110923,4849
19 Nov 21,110899,4849
18 Nov 21,110871,4849
17 Nov 21,110833,4849
16 Nov 21,110801,4849
15 Nov 21,110773,4849
14 Nov 21,110720,4849
13 Nov 21,110629,4849
12 Nov 21,110553,4849
11 Nov 21,110454,4849
10 Nov 21,110385,4849
09 Nov 21,110330,4849
08 Nov 21,110268,4849
07 Nov 21,110178,4849
06 Nov 21,110102,4849
05 Nov 21,110041,4849
04 Nov 21,109956,4849
03 Nov 21,109850,4849
02 Nov 21,109738,4849
01 Nov 21,109666,4849
31 Oct 21,109574,4849
30 Oct 21,109499,4849
29 Oct 21,109416,4849
28 Oct 21,109350,4849
27 Oct 21,109306,4849
26 Oct 21,109264,4849
25 Oct 21,109197,4849
24 Oct 21,109155,4849
23 Oct 21,109105,4849
22 Oct 21,109058,4849
21 Oct 21,109004,4849
20 Oct 21,108979,4849
19 Oct 21,108947,4849
18 Oct 21,108921,4849
17 Oct 21,108891,4849
16 Oct 21,108864,4849
15 Oct 21,108841,4849
14 Oct 21,108835,4849
13 Oct 21,108806,4849
12 Oct 21,108780,4849
11 Oct 21,108761,4849
10 Oct 21,108705,4849
09 Oct 21,108704,4849
08 Oct 21,108683,4849
07 Oct 21,108653,4849
06 Oct 21,108622,4849
05 Oct 21,108588,4849
04 Oct 21,108555,4849
03 Oct 21,108528,4849
02 Oct 21,108495,4849
01 Oct 21,108450,4849
30 Sep 21,108413,4849
29 Sep 21,108386,4849
28 Sep 21,108344,4849
27 Sep 21,108309,4849
26 Sep 21,108266,4849
25 Sep 21,108227,4849
24 Sep 21,108180,4849
23 Sep 21,108124,4849
22 Sep 21,108080,4849
21 Sep 21,108038,4849
20 Sep 21,107961,4849
19 Sep 21,107909,4849
18 Sep 21,107838,4849
17 Sep 21,107789,4849
16 Sep 21,107705,4849
15 Sep 21,107624,4849
14 Sep 21,107549,4849
13 Sep 21,107456,4848
12 Sep 21,107404,4848
11 Sep 21,107354,4848
10 Sep 21,107324,4848
09 Sep 21,107305,4848
08 Sep 21,107275,4848
07 Sep 21,107250,4848
06 Sep 21,107212,4848
05 Sep 21,107186,4848
04 Sep 21,107157,4848
03 Sep 21,107130,4848
02 Sep 21,107102,4848
01 Sep 21,107073,4848
31 Aug 21,107052,4848
30 Aug 21,107012,4848
29 Aug 21,106982,4848
28 Aug 21,106943,4848
27 Aug 21,106905,4848
26 Aug 21,106870,4848
25 Aug 21,106839,4848
24 Aug 21,106812,4848
23 Aug 21,106772,4848
22 Aug 21,106746,4848
21 Aug 21,106711,4848
20 Aug 21,106689,4848
19 Aug 21,106651,4848
18 Aug 21,106602,4848
17 Aug 21,106571,4848
16 Aug 21,106526,4848
15 Aug 21,106474,4848
14 Aug 21,106419,4848
13 Aug 21,106348,4848
12 Aug 21,106244,4848
11 Aug 21,106162,4848
10 Aug 21,106047,4848
09 Aug 21,105902,4848
08 Aug 21,105775,4848
07 Aug 21,105672,4848
06 Aug 21,105563,4848
05 Aug 21,105433,4848
04 Aug 21,105346,4848
03 Aug 21,105242,4848
02 Aug 21,105149,4848
01 Aug 21,105050,4848
31 Jul 21,104973,4848
30 Jul 21,104918,4848
29 Jul 21,104850,4848
28 Jul 21,104800,4848
27 Jul 21,104713,4848
26 Jul 21,104642,4848
25 Jul 21,104562,4848
24 Jul 21,104563,4851
23 Jul 21,104489,4848
22 Jul 21,104440,4848
21 Jul 21,104362,4848
20 Jul 21,104355,4848
19 Jul 21,104290,4848
18 Jul 21,104257,4848
17 Jul 21,104224,4848
16 Jul 21,104193,4848
15 Jul 21,104157,4848
14 Jul 21,104126,4848
13 Jul 21,104101,4848
12 Jul 21,104072,4848
11 Jul 21,104020,4848
10 Jul 21,104019,4848
09 Jul 21,103992,4848
08 Jul 21,103966,4848
07 Jul 21,103948,4848
06 Jul 21,103890,4848
05 Jul 21,103866,4847
04 Jul 21,103841,4847
03 Jul 21,103825,4847
02 Jul 21,103791,4847
01 Jul 21,103769,4847
30 Jun 21,103755,4847
29 Jun 21,103745,4847
28 Jun 21,103724,4847
27 Jun 21,103696,4847
26 Jun 21,103680,4847
25 Jun 21,103651,4846
24 Jun 21,103620,4846
23 Jun 21,103602,4846
22 Jun 21,103571,4846
21 Jun 21,103543,4846
20 Jun 21,103525,4846
19 Jun 21,103501,4846
18 Jun 21,103467,4846
17 Jun 21,103444,4846
16 Jun 21,103424,4846
15 Jun 21,103401,4846
14 Jun 21,103380,4846
13 Jun 21,103357,4846
12 Jun 21,103320,4846
11 Jun 21,103285,4846
10 Jun 21,103261,4846
09 Jun 21,103235,4846
08 Jun 21,103216,4846
07 Jun 21,103176,4846
06 Jun 21,103150,4846
05 Jun 21,103119,4846
04 Jun 21,103094,4846
03 Jun 21,103069,4846
02 Jun 21,103045,4846
01 Jun 21,103014,4846
31 May 21,102987,4846
30 May 21,102960,4846
29 May 21,102948,4846
28 May 21,102932,4846
27 May 21,102925,4846
26 May 21,102905,4846
25 May 21,102890,4846
24 May 21,102873,4846
23 May 21,102853,4846
22 May 21,102833,4846
21 May 21,102822,4846
20 May 21,102797,4846
19 May 21,102784,4846
18 May 21,102769,4846
17 May 21,102746,4846
16 May 21,102717,4846
15 May 21,102696,4846
14 May 21,102681,4846
13 May 21,102671,4846
12 May 21,102660,4846
11 May 21,102643,4846
10 May 21,102625,4846
09 May 21,102613,4846
08 May 21,102596,4846
07 May 21,102586,4846
06 May 21,102571,4846
05 May 21,102560,4846
04 May 21,102549,4846
03 May 21,102530,4846
02 May 21,102517,4846
01 May 21,102494,4845
30 Apr 21,102474,4845
29 Apr 21,102446,4845
28 Apr 21,102419,4845
27 Apr 21,102399,4845
26 Apr 21,102384,4845
25 Apr 21,102367,4845
24 Apr 21,102351,4845
23 Apr 21,102333,4845
22 Apr 21,102300,4845
21 Apr 21,102293,4845
20 Apr 21,102264,4845
19 Apr 21,102242,4845
18 Apr 21,102201,4845
17 Apr 21,102167,4845
16 Apr 21,102135,4845
15 Apr 21,102118,4845
14 Apr 21,102103,4843
13 Apr 21,102078,4843
12 Apr 21,102056,4843
11 Apr 21,102027,4843
10 Apr 21,102012,4842
09 Apr 21,101984,4841
08 Apr 21,101953,4841
07 Apr 21,101920,4841
06 Apr 21,101901,4841
05 Apr 21,101861,4841
04 Apr 21,101821,4841
03 Apr 21,101799,4841
02 Apr 21,101754,4841
01 Apr 21,101732,4841
31 Mar 21,101710,4841
30 Mar 21,101692,4841
29 Mar 21,101676,4841
28 Mar 21,101663,4841
27 Mar 21,101646,4841
26 Mar 21,101623,4840
25 Mar 21,101603,4840
24 Mar 21,101582,4839
23 Mar 21,101560,4839
22 Mar 21,101533,4839
21 Mar 21,101518,4839
20 Mar 21,101498,4839
19 Mar 21,101481,4839
18 Mar 21,101460,4839
17 Mar 21,101443,4839
16 Mar 21,101421,4839
15 Mar 21,101378,4839
14 Mar 21,101349,4839
13 Mar 21,101292,4839
12 Mar 21,101225,4839
11 Mar 21,101194,4838
10 Mar 21,101175,4838
09 Mar 21,101149,4838
08 Mar 21,101132,4838
07 Mar 21,101097,4838
06 Mar 21,101076,4837
05 Mar 21,101055,4837
04 Mar 21,101037,4836
03 Mar 21,101013,4836
02 Mar 21,100990,4836
01 Mar 21,100965,4835
28 Feb 21,100924,4834
27 Feb 21,100886,4834
26 Feb 21,100851,4834
25 Feb 21,100832,4833
24 Feb 21,100808,4833
23 Feb 21,100784,4833
22 Feb 21,100758,4833
21 Feb 21,100727,4833
20 Feb 21,100705,4833
19 Feb 21,100684,4833
18 Feb 21,100666,4831
17 Feb 21,100639,4830
16 Feb 21,100624,4829
15 Feb 21,100599,4829
14 Feb 21,100578,4829
13 Feb 21,100559,4828
12 Feb 21,100527,4827
11 Feb 21,100494,4824
10 Feb 21,100475,4823
09 Feb 21,100435,4822
08 Feb 21,100389,4822
07 Feb 21,100348,4822
06 Feb 21,100318,4822
05 Feb 21,100268,4822
04 Feb 21,100226,4821
03 Feb 21,100177,4819
02 Feb 21,100127,4818
01 Feb 21,100063,4817
31 Jan 21,99968,4814
30 Jan 21,99848,4814
29 Jan 21,99746,4813
28 Jan 21,99655,4810
27 Jan 21,99541,4809
26 Jan 21,99402,4807
25 Jan 21,99247,4804
24 Jan 21,99047,4803
23 Jan 21,98886,4802
22 Jan 21,98725,4802
21 Jan 21,98544,4801
20 Jan 21,98323,4799
19 Jan 21,98164,4798
18 Jan 21,97939,4797
17 Jan 21,97775,4797
16 Jan 21,97616,4796
15 Jan 21,97448,4796
14 Jan 21,97275,4796
13 Jan 21,97095,4793
12 Jan 21,96920,4792
11 Jan 21,96824,4792
10 Jan 21,96690,4791
09 Jan 21,96562,4789
08 Jan 21,96484,4788
07 Jan 21,96398,4788
06 Jan 21,96310,4787
05 Jan 21,96246,4785
04 Jan 21,96160,4784
03 Jan 21,96086,4784
02 Jan 21,96023,4783
01 Jan 21,95963,4782
31 Dec 20,95876,4780
30 Dec 20,95797,4777
29 Dec 20,95720,4773
28 Dec 20,95632,4770
27 Dec 20,95541,4770
26 Dec 20,95460,4770
25 Dec 20,95383,4769
24 Dec 20,95298,4767
23 Dec 20,95228,4766
22 Dec 20,95150,4765
21 Dec 20,95050,4763
20 Dec 20,94953,4763
19 Dec 20,94821,4763
18 Dec 20,94734,4759
17 Dec 20,94626,4757
16 Dec 20,94537,4756
15 Dec 20,94427,4754
14 Dec 20,94328,4751
13 Dec 20,94217,4749
12 Dec 20,94124,4748
11 Dec 20,94025,4748
10 Dec 20,93898,4748
09 Dec 20,93782,4746
08 Dec 20,93670,4746
07 Dec 20,93577,4746
06 Dec 20,93467,4746
05 Dec 20,93348,4746
04 Dec 20,93221,4744
03 Dec 20,93113,4744
02 Dec 20,92993,4743
01 Dec 20,92902,4743
30 Nov 20,92814,4743
29 Nov 20,92681,4743
28 Nov 20,92586,4742
27 Nov 20,92488,4742
26 Nov 20,92402,4742
25 Nov 20,92296,4742
24 Nov 20,92211,4742
23 Nov 20,92116,4742
22 Nov 20,92037,4742
21 Nov 20,91977,4742
20 Nov 20,91935,4742
19 Nov 20,91906,4742
18 Nov 20,91885,4742
17 Nov 20,91872,4742
16 Nov 20,91850,4742
15 Nov 20,91828,4742
14 Nov 20,91807,4742
13 Nov 20,91783,4742
12 Nov 20,91752,4742
11 Nov 20,91719,4742
10 Nov 20,91693,4741
09 Nov 20,91665,4741
08 Nov 20,91622,4741
07 Nov 20,91591,4741
06 Nov 20,91552,4740
05 Nov 20,91509,4740
04 Nov 20,91478,4739
03 Nov 20,91452,4739
02 Nov 20,91397,4739
01 Nov 20,91366,4739
31 Oct 20,91339,4739
30 Oct 20,91299,4739
29 Oct 20,91271,4739
28 Oct 20,91222,4739
27 Oct 20,91175,4739
26 Oct 20,91151,4739
25 Oct 20,91128,4739
24 Oct 20,91108,4739
23 Oct 20,91073,4739
22 Oct 20,91044,4739
21 Oct 20,91022,4739
20 Oct 20,91006,4739
19 Oct 20,90972,4739
18 Oct 20,90955,4739
17 Oct 20,90925,4739
16 Oct 20,90905,4739
15 Oct 20,90869,4739
14 Oct 20,90858,4739
13 Oct 20,90830,4739
12 Oct 20,90812,4739
11 Oct 20,90778,4739
10 Oct 20,90751,4739
09 Oct 20,90728,4739
08 Oct 20,90687,4739
07 Oct 20,90667,4739
06 Oct 20,90652,4739
05 Oct 20,90629,4739
04 Oct 20,90604,4739
03 Oct 20,90584,4739
02 Oct 20,90567,4739
01 Oct 20,90545,4739
30 Sep 20,90528,4739
29 Sep 20,90505,4739
28 Sep 20,90483,4739
27 Sep 20,90456,4739
26 Sep 20,90441,4738
25 Sep 20,90424,4738
24 Sep 20,90409,4737
23 Sep 20,90399,4737
22 Sep 20,90381,4737
21 Sep 20,90369,4737
20 Sep 20,90334,4737
19 Sep 20,90311,4737
18 Sep 20,90294,4736
17 Sep 20,90253,4736
16 Sep 20,90235,4735
15 Sep 20,90219,4735
14 Sep 20,90197,4734
13 Sep 20,90168,4734
12 Sep 20,90145,4733
11 Sep 20,90127,4733
10 Sep 20,90100,4733
09 Sep 20,90087,4733
08 Sep 20,90078,4732
07 Sep 20,90058,4729
06 Sep 20,90025,4728
05 Sep 20,90008,4728
04 Sep 20,89986,4728
03 Sep 20,89953,4727
02 Sep 20,89933,4724
01 Sep 20,89914,4723
31 Aug 20,89895,4722
30 Aug 20,89863,4720
29 Aug 20,89836,4718
28 Aug 20,89814,4713
27 Aug 20,89784,4712
26 Aug 20,89752,4711
25 Aug 20,89718,4711
24 Aug 20,89695,4711
23 Aug 20,89654,4710
22 Aug 20,89616,4709
21 Aug 20,89567,4707
20 Aug 20,89527,4706
19 Aug 20,89494,4704
18 Aug 20,89441,4703
17 Aug 20,89375,4703
16 Aug 20,89279,4702
15 Aug 20,89214,4700
14 Aug 20,89144,4699
13 Aug 20,89045,4697
12 Aug 20,88958,4692
11 Aug 20,88906,4688
10 Aug 20,88793,4685
09 Aug 20,88672,4681
08 Aug 20,88580,4680
07 Aug 20,88460,4678
06 Aug 20,88328,4677
05 Aug 20,88206,4675
04 Aug 20,88099,4671
03 Aug 20,87985,4668
02 Aug 20,87827,4665
01 Aug 20,87655,4661
31 Jul 20,87489,4658
30 Jul 20,87213,4658
29 Jul 20,86990,4656
28 Jul 20,86783,4656
27 Jul 20,86570,4652
26 Jul 20,86381,4652
25 Jul 20,86202,4650
24 Jul 20,86045,4649
23 Jul 20,85906,4648
22 Jul 20,85768,4648
21 Jul 20,85695,4646
20 Jul 20,85611,4646
19 Jul 20,85482,4646
18 Jul 20,85402,4644
17 Jul 20,85327,4644
16 Jul 20,85246,4642
15 Jul 20,85226,4642
14 Jul 20,85169,4641
13 Jul 20,85117,4641
12 Jul 20,85071,4641
11 Jul 20,85030,4641
10 Jul 20,84992,4641
09 Jul 20,84950,4641
08 Jul 20,84917,4641
07 Jul 20,84889,4641
06 Jul 20,84871,4641
05 Jul 20,84857,4641
04 Jul 20,84838,4641
03 Jul 20,84830,4641
02 Jul 20,84816,4641
01 Jul 20,84785,4641
30 Jun 20,84780,4641
29 Jun 20,84757,4641
28 Jun 20,84743,4641
27 Jun 20,84725,4641
26 Jun 20,84701,4641
25 Jun 20,84673,4640
24 Jun 20,84653,4640
23 Jun 20,84624,4639
22 Jun 20,84572,4639
21 Jun 20,84553,4638
20 Jun 20,84497,4638
19 Jun 20,84494,4638
18 Jun 20,84458,4638
17 Jun 20,84422,4638
16 Jun 20,84378,4638
15 Jun 20,84335,4638
14 Jun 20,84286,4638
13 Jun 20,84228,4638
12 Jun 20,84216,4638
11 Jun 20,84209,4638
10 Jun 20,84198,4638
09 Jun 20,84195,4638
08 Jun 20,84191,4638
07 Jun 20,84186,4638
06 Jun 20,84177,4638
05 Jun 20,84171,4638
04 Jun 20,84160,4638
03 Jun 20,84161,4638
02 Jun 20,84154,4638
01 Jun 20,84146,4638
31 May 20,84128,4638
30 May 20,84123,4638
29 May 20,84106,4638
28 May 20,84106,4638
27 May 20,84103,4638
26 May 20,84102,4638
25 May 20,84095,4638
24 May 20,84084,4638
23 May 20,84081,4638
22 May 20,84071,4638
21 May 20,84063,4638
20 May 20,84063,4638
19 May 20,84063,4638
18 May 20,84054,4638
17 May 20,84044,4638
16 May 20,84038,4637
15 May 20,84029,4637
14 May 20,84024,4637
13 May 20,84018,4637
12 May 20,84011,4637
11 May 20,84010,4637
10 May 20,83990,4637
09 May 20,83976,4637
08 May 20,83975,4637
07 May 20,83970,4637
06 May 20,83968,4637
05 May 20,83966,4637
04 May 20,83964,4637
03 May 20,83959,4637
02 May 20,83959,4637
01 May 20,83956,4637
30 Apr 20,83944,4637
29 Apr 20,83940,4637
28 Apr 20,83918,4637
27 Apr 20,83912,4637
26 Apr 20,83909,4636
25 Apr 20,83899,4636
24 Apr 20,83884,4636
23 Apr 20,83868,4636
22 Apr 20,83853,4636
21 Apr 20,83817,4636
20 Apr 20,83805,4636
19 Apr 20,83786,4636
18 Apr 20,83760,4636
17 Apr 20,83403,3346
16 Apr 20,83355,3346
15 Apr 20,83306,3345
14 Apr 20,83213,3345
13 Apr 20,83134,3343
12 Apr 20,83014,3343
11 Apr 20,82941,3340
10 Apr 20,82883,3339
09 Apr 20,82809,3337
08 Apr 20,82718,3335
07 Apr 20,82665,3335
06 Apr 20,82594,3333
05 Apr 20,82534,3330
04 Apr 20,82497,3326
03 Apr 20,82414,3322
02 Apr 20,82333,3316
01 Apr 20,82245,3309
31 Mar 20,82139,3308
30 Mar 20,82058,3304
29 Mar 20,81964,3299
28 Mar 20,81872,3296
27 Mar 20,81781,3291
26 Mar 20,81658,3285
25 Mar 20,81587,3281
24 Mar 20,81493,3274
23 Mar 20,81435,3274
22 Mar 20,81305,3259
21 Mar 20,81250,3253
20 Mar 20,81156,3249
19 Mar 20,81102,3241
18 Mar 20,81058,3230
17 Mar 20,81033,3217
16 Mar 20,81003,3203
15 Mar 20,80977,3193
14 Mar 20,80945,3180
13 Mar 20,80932,3172
12 Mar 20,80921,3161
11 Mar 20,80887,3139
10 Mar 20,80860,3123
09 Mar 20,80823,3100
08 Mar 20,80770,3072
07 Mar 20,80690,3044
06 Mar 20,80537,3015
05 Mar 20,80386,2983
04 Mar 20,80261,2947
03 Mar 20,80136,2914
02 Mar 20,79932,2872
01 Mar 20,79356,2837
29 Feb 20,78928,2790
28 Feb 20,78600,2746
27 Feb 20,78166,2717
26 Feb 20,77754,2665
25 Feb 20,77241,2595
24 Feb 20,77022,2445
23 Feb 20,77001,2443
22 Feb 20,75550,2238
21 Feb 20,75077,2238
20 Feb 20,74619,2116
19 Feb 20,74211,2003
18 Feb 20,72434,1864
17 Feb 20,70513,1766
16 Feb 20,68413,1663
15 Feb 20,66358,1521
14 Feb 20,59895,1369
13 Feb 20,44759,1117
12 Feb 20,44386,1112
11 Feb 20,42354,1012
10 Feb 20,39829,905
09 Feb 20,36814,805
08 Feb 20,34110,718
07 Feb 20,30587,633
06 Feb 20,27440,563
05 Feb 20,23707,491
04 Feb 20,19716,425
03 Feb 20,16630,361
02 Feb 20,11891,259
01 Feb 20,9802,213
31 Jan 20,8141,171
30 Jan 20,6087,133
29 Jan 20,5509,131
28 Jan 20,2877,82
27 Jan 20,2075,56
26 Jan 20,1406,42
25 Jan 20,920,26
24 Jan 20,643,18
23 Jan 20,548,17
